<?xml version="1.0" encoding="ISO-8859-1"?>
<project name="ImageI/O-Ext">
  <body>
    <!-- ==================================================== -->
    <!--     Links to appears just below the right banner     -->
    <!-- ==================================================== -->
    <links>
      <item name="ImageI/O-Ext" href="http://java.net/projects/imageio-ext/"/>
      <item name="Javadoc"  href="http://geo-solutions.it/javadoc/imageio-ext/"/>
    </links>

    <!-- ==================================================== -->
    <!--     Menus to appears on the left side of each page   -->
    <!-- ==================================================== -->
    <menu name="ImageI/O-Ext">
      <item name="Download"     href="http://www.geotools.org/display/GEOTOOLS/Downloads"/>
      <item name="Full Javadoc" href="http://geo-solutions.it/javadoc/imageio-ext/"/>
      <item name="Legal review" href="review.html"/>
    </menu>

    ${reports}  <!-- Replaced by menus for any configured reports (mailing lists, etc.) -->

    <menu name="Use">
      <item name="Guides"  href="http://java.net/projects/imageio-ext/downloads"/>
    </menu>
  </body>
</project>
